{
    "qdb_programs": [
      {
        "program_id": "QDB_INCUBATOR_001",
        "program_name": "Fintech Regulatory Accelerator",
        "focus_areas": ["Licensing Strategy", "Corporate Structure", "QCB Engagement"]
      },
      {
        "program_id": "QDB_EXPERT_002",
        "program_name": "AML Compliance Workshop Series",
        "focus_areas": ["AML Policy Drafting", "Transaction Monitoring", "FATF Compliance"]
      }
    ],
    "compliance_experts": [
      {
        "expert_id": "EXPERT_C101",
        "name": "Dr. Aisha Al-Mansoori",
        "specialization": "Data Residency and Cloud Compliance (QCB Article 2.1)"
      },
      {
        "expert_id": "EXPERT_C102",
        "name": "Mr. Karim Hassan",
        "specialization": "AML/CFT Policy Drafting and Training (QCB Article 1.1.4)"
      }
    ]
  }

  