[
    {
      "clause": "Data hosted in AWS in Ireland and Singapore",
      "source": "Startup Data Privacy Policy"
    },
    {
      "clause": "No dedicated Compliance Officer assigned yet",
      "source": "Business Plan - Governance"
    },
    {
      "clause": "Paid-up capital is QAR 5,000,000",
      "source": "Articles of Association"
    },
    {
      "clause": "Maximum transaction value for loans is QAR 200,000",
      "source": "Business Plan - Activities"
    }
  ]
  